identifier,source_celex,source,sha256,articles_before,articles_after,empty_before,empty_after,paragraphs_before,paragraphs_after
31958R0001,01958R0001-20130701,https://publications.europa.eu/resource/celex/01958R0001-20130701,3301d8b236c3d132ec0c49ee8210f46255dde1c68edf584b3cf43f8b98e7fecf,8,8,0,0,17,17
31958R0003(01),31958R0003(01),http://publications.europa.eu/resource/cellar/8aaa4952-b26d-4de2-a8d0-31717b811e71.0008.02,9f871eb0e52c2e9176e504d1cf5dbb42bd5ae16f926a82b91474e43c083037e4,35,35,0,0,212,212
31960R0011,01960R0011-20080710,https://publications.europa.eu/resource/celex/01960R0011-20080710,9b43c4a81039344aa71ec2f84dc90773c096b2a48cdb1fc562ddb5f555f4c904,25,25,9,0,65,97
31961R0007,31961R0007,https://publications.europa.eu/resource/celex/31961R0007,0e2171110d7b232cf5b0b5c0de633fb86ab632ff3c96543941a5f1e74d9644fa,2,2,0,0,18,18
31962R0017,01962R0017-20040501,https://publications.europa.eu/resource/celex/01962R0017-20040501,9a18f14425cdfc65947b0774799049ce49b7a16d408b1473f2be1d31554ecba1,1,1,0,0,38,38
31963R0007,31963R0007,https://publications.europa.eu/resource/celex/31963R0007,efb5640037cc93c8e404ad106d2879e84e5ba11bb19fed86f749264f54753ee0,28,28,0,0,138,138
31963R0018,31963R0018,https://publications.europa.eu/resource/celex/31963R0018,5e821733cdf557a6294263857214651acacaf18a940a8c7d9e4d8fbc0849b0ce,1,1,0,0,25,25
31964R0182,31964R0182,https://publications.europa.eu/resource/celex/31964R0182,0a51f3eb2c6b5d29362f0e047af963f2e48395cc7228f64a3c916c0bf07ae9c3,0,0,0,0,23,23
31965R0019,01965R0019-20040501,https://publications.europa.eu/resource/celex/01965R0019-20040501,f814ed514b256619264284a189a25cac6e59c52e8b7646b082e643869a8909aa,8,8,0,0,65,65
31965R0030,31965R0030,https://publications.europa.eu/resource/celex/31965R0030,318b98e5244ecab24635abee72c47224ece9b0a4899f3ccfdffc12790fb1afed,0,0,0,0,108,108
31965R0054,31965R0054,https://publications.europa.eu/resource/celex/31965R0054,a96134f719d1e2ae4bdf62bec4ede7f7041156618936e809aba2557a62c5be69,2,2,0,0,19,19
31966R0183,31966R0183,https://publications.europa.eu/resource/celex/31966R0183,0e9a784f70951e0401cb42b7bc19c0a55073553f92b4f8719fd588a56aca7cde,2,2,0,0,22,22
31967R0423,31967R0423,https://publications.europa.eu/resource/celex/31967R0423,3fad2f15aee5142b67df5465e3d34658206d63e7db62ca088c91db9b2b627571,0,0,0,0,10,10
31967R0474,01967R0474-19680913,https://publications.europa.eu/resource/celex/01967R0474-19680913,430eb914b455770f19a9e8a6749ff3682219f518f1dce51a4f0db5d81835d26c,2,2,0,0,26,26
31967R0765,31967R0765,https://publications.europa.eu/resource/celex/31967R0765,8b34895b93240d5673e9af68d30b9bdb5dd1ddf32cf294a36811fcbd0c833be4,2,2,0,0,22,22
31968R0259,31968R0259,https://publications.europa.eu/resource/celex/31968R0259,0b5c7dc5ca80831dbea9364e1c66e60794dd9b2624a7c92bd11eddb55ab455ca,0,0,0,0,87,142
31968R0260,01968R0260-20021003,https://publications.europa.eu/resource/celex/01968R0260-20021003,d6061faff37d93cee27d8c85f6c892ef000e2a0d75f41fdaf94166ed3b3fbc7c,18,18,0,0,85,90
31968R0261,31968R0261,https://publications.europa.eu/resource/celex/31968R0261,1a514ee469a5f80edb059a20b07a3b0d8a3c4cea604b62054658f1fdf9350a43,0,0,0,0,10,10
31968R0421,31968R0421,https://publications.europa.eu/resource/celex/31968R0421,e6ae0d7ef6128381de1f2060b17b9e2013b5ffb503ef6b1ec57080e2dd3fa3f0,0,0,0,0,9,9
31968R0565,31968R0565,https://publications.europa.eu/resource/celex/31968R0565,1f4022f984cabe03755a1aa19e67b04854c222ed809120631ab8e975d5568651,2,2,0,0,27,27
31968R1397,31968R1397,https://publications.europa.eu/resource/celex/31968R1397,9bd363d1999b71487e47cc863616f73b815122d765167a49c96011bcb7bb2979,2,2,0,0,21,21
31969R0549,01969R0549-20100101,https://publications.europa.eu/resource/celex/01969R0549-20100101,63f7b503ccaadefad10d84591c0ea4e71756fdf0224d5c1d6b78bd16e0a88c2b,8,8,0,0,46,46
31969R0990,31969R0990,https://publications.europa.eu/resource/celex/31969R0990,7c8097641f108a4c0a826ad58f277732bcb22af92f42d7ade85b9146cbe3011d,3,3,0,0,34,34
31969R1265,01969R1265-19990204,https://publications.europa.eu/resource/celex/01969R1265-19990204,266cba765028e1645ad3d91f25dd10dc15aff97be89936820f7eb2afeed74e8d,2,2,0,0,176,176
31969R2261,31969R2261,https://publications.europa.eu/resource/celex/31969R2261,d78bc453ca7b366e4fea4062d8053312671f914f66a8e3caed49ad8a82ae8700,2,2,0,0,25,25
31969R2278,31969R2278,https://publications.europa.eu/resource/celex/31969R2278,9f3dac8f7b4e35dbf5c187412750e7ff40cd5ca270cfd384c08b1ffef0b6ce14,7,7,0,0,58,58
31969R2604,31969R2604,https://publications.europa.eu/resource/celex/31969R2604,9ba64c035e897c7bfb3e0e47a4b6a4a939c99ee2d860f9b254528b323562d484,0,0,0,0,9,9
31970R0537,01970R0537-19890101,https://publications.europa.eu/resource/celex/01970R0537-19890101,c6063edbe6f1f8e2bd5b8eebd7edb0c205a15eb502c37074ad0ffe18b28ef832,2,2,0,0,35,35
31970R1523,31970R1523,https://publications.europa.eu/resource/celex/31970R1523,191844af747d36750de016436021220825c22848c695f61d882d9a1e94cfd9d5,2,2,0,0,23,23
31972R2351,01972R2351-19730707,https://publications.europa.eu/resource/celex/01972R2351-19730707,ab5823c5f4e0ff479e0ae96743a0dbbb20239bf6f1f78424ee3588e8c9a9402a,3,3,0,0,26,26
31972R2864,31972R2864,https://publications.europa.eu/resource/celex/31972R2864,dcad803c285ac253e8800b47f19e85ac495af02f8991db447f927803a832b019,2,2,0,0,81,81
31973R0428,31973R0428,https://publications.europa.eu/resource/celex/31973R0428,d3b09ba8bd6ab87670206d8f08aceca260fd0ec3a9b78fb57b89aef17cfc9df2,2,2,0,0,19,19
31973R0558,31973R0558,https://publications.europa.eu/resource/celex/31973R0558,67430fe1d3769ed844cf6b302517dcbe524a32f0440007d35e555b6a4bd65841,4,4,0,0,67,67
31973R1691,31973R1691,https://publications.europa.eu/resource/celex/31973R1691,b88149b4bb067950d69c6741c7563f19a341575910c2436ca01971b1aa9b3691,4,4,0,0,20,20
31973R1793,31973R1793,https://publications.europa.eu/resource/celex/31973R1793,4b29ff9a28090d6e001ec53c8554a68e72a7d1d62343fb115e8eb20fc80cc646,3,3,0,0,23,23
31973R3539,31973R3539,https://publications.europa.eu/resource/celex/31973R3539,c365ea989c199064dd7e427654343e6088861b497c67b520a305c1616d5b145d,2,2,0,0,21,21
31974R1728,01974R1728-20030605,https://publications.europa.eu/resource/celex/01974R1728-20030605,1f038a057908ae1c2ea9e105df50d0366bb41830830ea3d044c63c27debaf2bd,11,11,0,0,71,71
31974R2988,01974R2988-20040501,https://publications.europa.eu/resource/celex/01974R2988-20040501,5cfd3b0f99dc3647b5ab33e7287242f3997ec1f17260a9ea0693fcce050db231,9,9,0,0,65,65
31975R0900,31975R0900,https://publications.europa.eu/resource/celex/31975R0900,f355ff254f86d65d6639c8dae1644b4969307ba2071c3bb03040184b917e4a9d,0,0,0,0,11,11
31975R2750,01975R2750-19821217,https://publications.europa.eu/resource/celex/01975R2750-19821217,08ea958101521f2a42ff557ede7bf5543d6187479ff48bb9e50d1b85fb203897,9,9,0,0,54,54
31976R1526,01976R1526-19760701,https://publications.europa.eu/resource/celex/01976R1526-19760701,a215cf7808c406d3b4bb529c12580c1decd7fb8e12cf3ee00e1fd048ee720499,5,5,0,0,31,31
31976R1795,31976R1795,https://publications.europa.eu/resource/celex/31976R1795,b9a99741e7496aa35d782564e6b81f2ede9dac7f18d62b85bf7cd34ff83d1c6d,2,2,0,0,17,17
31976R2300,31976R2300,https://publications.europa.eu/resource/celex/31976R2300,7ee095596bde7c78c633ab98d9afce53418a6c0c5baef417811b6630464d7f8f,0,0,0,0,12,12
31976R2562,31976R2562,https://publications.europa.eu/resource/celex/31976R2562,57fae6e1cc2917688cb9dc64fbc13c84790c60220e2bce77fa577cfae6522014,0,0,0,0,11,11
31976R2566,31976R2566,https://publications.europa.eu/resource/celex/31976R2566,54348ca13e1e7cbbaf52d61d3267f46015e1b5bc0b566d62d9da329de1100b43,0,0,0,0,11,11
31976R2971,31976R2971,https://publications.europa.eu/resource/celex/31976R2971,64c83db3650c784d0eede99bbf7ae5185d9aee7c6df71316ae9169ef09a9a0b5,3,3,0,0,23,23
31977R0482,31977R0482,https://publications.europa.eu/resource/celex/31977R0482,64d3277d64ee3935db3c770720b5e9551f11bb688dc2f3597642fb98d74c41e9,0,0,0,0,13,13
31977R1660,31977R1660,https://publications.europa.eu/resource/celex/31977R1660,eeaf9027378f9c2e1ce8acb65d680af14e9422225c6501050fe334357f08e14a,6,6,0,0,28,28
31977R1662,31977R1662,https://publications.europa.eu/resource/celex/31977R1662,0093e03b862cc70d150e8f9781a79516d28b42f65028113983e4c0bfd314aea1,6,6,0,0,28,28
31977R2610,31977R2610,https://publications.europa.eu/resource/celex/31977R2610,d738a20b5cbed8fc0e84d9044dd6b95a48188875641c0ae396a8fb1f98ddcbb0,3,3,0,0,24,24
31977R2962,31977R2962,https://publications.europa.eu/resource/celex/31977R2962,7abbd72c1df2b4fd7483f78eb1686d6c4d4cd735bf9a88b6f77f73bec4110bee,2,2,0,0,22,22
31978R0914,31978R0914,https://publications.europa.eu/resource/celex/31978R0914,06f74983d95f42c873454439f7dca00845f6de7660cafef80c21588b894ccabd,3,3,0,0,22,22
31978R1391,31978R1391,https://publications.europa.eu/resource/celex/31978R1391,ab4b727433b09a29f400f3c33900486ad52957459653b40c6c138f3926d2e31d,15,15,0,0,117,117
31978R1740,31978R1740,https://publications.europa.eu/resource/celex/31978R1740,1eccf7a265b9cafafea04277be6cb99555dfe1a7c15894e8dc25c7601478bd42,0,0,0,0,11,11
31978R2573,31978R2573,https://publications.europa.eu/resource/celex/31978R2573,6d099c7e718a8a72d2de4c066794b1b49e57b0a9d6d88a90e71d37aad1bd0737,2,2,0,0,21,21
31979R0270,01979R0270-19950101,https://publications.europa.eu/resource/celex/01979R0270-19950101,379bc1b8e58850024c7413fab4e984c4539d04cfaf205943624fc601687c1572,14,14,0,0,114,114
31979R2955,31979R2955,https://publications.europa.eu/resource/celex/31979R2955,edc65765c2b710bcae2e8fb57d5077c8bca6d44d67fca9698a61e18a1e076da2,2,2,0,0,19,19
31980R0680,31980R0680,https://publications.europa.eu/resource/celex/31980R0680,9c1b85de538bd8d6044207eadd33f8c036fccdcc2f406ddd60d571a93518474f,0,0,0,0,60,84
31980R2211,31980R2211,https://publications.europa.eu/resource/celex/31980R2211,409979235d0a5d7d09be1e1a91bb7d63fc17f91ee5c313f4c23f3c5e1fe5a82b,0,0,0,0,13,13
31981R1492,31981R1492,https://publications.europa.eu/resource/celex/31981R1492,d431a9f659a1ae2850db714cf2acd7b510614d1caf801a27aee7053b5dd7c253,0,0,0,0,14,14
31981R3020,31981R3020,https://publications.europa.eu/resource/celex/31981R3020,06791f581cc686c84b66c5bf4c1a0a5a06de735f62014393bed2dd5882fbebad,3,3,0,0,33,33
31981R3323,31981R3323,https://publications.europa.eu/resource/celex/31981R3323,8095b9cd458cc034058b4e33f904e9fa16e30a82b3a74156a8868898de47ac90,3,3,0,0,29,29
31981R3700,31981R3700,https://publications.europa.eu/resource/celex/31981R3700,549f40b9bd498e1de394c125c26e7d40ea7868d43ccd5ff6a28c2e0926907585,3,3,0,0,49,49
31982R2613,31982R2613,https://publications.europa.eu/resource/celex/31982R2613,1372a0beb9326c80eaabfa65f02e0421671c3b66b0af6089e737ee10bbdd00ad,0,0,0,0,12,12
31982R3600,31982R3600,https://publications.europa.eu/resource/celex/31982R3600,3fd98b56918ab41fa6359335ae6de5e695c0aa229a37d8deb133e6faa5115913,2,2,0,0,33,33
31984R1591,31984R1591,https://publications.europa.eu/resource/celex/31984R1591,81eac2c56fb14b626e34854ce1475217d48e817af74e92de67b7a1bf5ceecb67,0,0,0,0,13,13
31984R2677,31984R2677,https://publications.europa.eu/resource/celex/31984R2677,98acd0adff57b4777a0a34277f44e76268fe1116cd739009cd3b1aa4c6de888f,4,4,0,0,47,47
31984R3440,01984R3440-20070219,https://publications.europa.eu/resource/celex/01984R3440-20070219,4a67b45905aeb708a836fc74b32206a56f8c2b1fe5a11bc9b0d564113d9de930,16,16,10,0,45,97
31985R0226,31985R0226,https://publications.europa.eu/resource/celex/31985R0226,8c617d257920565d879e1020423dc727778cdf11eb3c3291c552f32934f652fb,0,0,0,0,13,13
31985R0717,31985R0717,https://publications.europa.eu/resource/celex/31985R0717,b2153bf22a907991f11b27b3442887aca833d921ab5dd224a309d0515af0527c,2,2,0,0,45,45
31985R1907,01985R1907-20070101,https://publications.europa.eu/resource/celex/01985R1907-20070101,01be9762b075a45b4fd8e3bb3a5f127c96a2147187ad18698996a3efd40a6bdc,2,2,1,0,4,7
31985R3817,31985R3817,https://publications.europa.eu/resource/celex/31985R3817,c0f5e0a1288faf2e5c4de7c5de3900f622e3d7568deeab6248ce7ca8836dc86c,2,2,0,0,154,154
31986R0788,31986R0788,https://publications.europa.eu/resource/celex/31986R0788,71574e2a34e8dffc49071f062b8cfc469226fd71d1b468d73f06ee3daf6c5cce,2,2,0,0,24,24
31986R2464,31986R2464,https://publications.europa.eu/resource/celex/31986R2464,a33cd60e093db90935aa685d44b726fc047e9a25180cd72beaeb782de4ed5bb4,2,2,0,0,24,24
31987R0062,31987R0062,https://publications.europa.eu/resource/celex/31987R0062,9e6d79c9387248f82c209e53ee71acb9c2d4246259728987db6fbb542e7a7ba8,2,2,0,0,25,25
31987R0954,31987R0954,https://publications.europa.eu/resource/celex/31987R0954,f2a5c951d60d3ba0a9575a1e4a2086542704900d527f1dd3e2b3913be1d76acd,0,0,0,0,40,40
31987R0955,31987R0955,https://publications.europa.eu/resource/celex/31987R0955,88a36f683d7e0a908d258d6c1c21c499e54f91e1885d49c7c0959e44b2949af2,2,2,0,0,38,38
31987R0979,31987R0979,https://publications.europa.eu/resource/celex/31987R0979,62eaa64f6b213bb31805b15f37c509f56fe045fd39c2b8d62b0b4c1bcfb64ca9,2,2,0,0,28,28
31987R1977,31987R1977,https://publications.europa.eu/resource/celex/31987R1977,a90de1fd9b6616675ee9f31b1f0a581e9b002c17fad924ef3f4acd33a02cef3f,2,2,0,0,30,30
31987R2658,01987R2658-20260101,https://publications.europa.eu/resource/celex/01987R2658-20260101,9b046054b2111fc3021b9d1932ffc66aaa46a90d5ee0766f0cfb18afe82795db,13,13,2,0,1991,1955
31987R3019,31987R3019,https://publications.europa.eu/resource/celex/31987R3019,4c10b32c88ec03dcbde65a209748c5e7d9b7fae97814078f15abd17dcc793aa8,30,30,0,0,150,150
31987R3170,31987R3170,https://publications.europa.eu/resource/celex/31987R3170,f5c872e06ab662365120c441e0d406c01cb0209e0735e0a28d1c18f32fe1fd8e,0,0,0,0,27,27
31987R3620,31987R3620,https://publications.europa.eu/resource/celex/31987R3620,ed1f287b1e758b4c8e19d22e1ba8ea743d69df46e3866a338d34c8bf86a497a4,0,0,0,0,88,91
31987R3986,31987R3986,https://publications.europa.eu/resource/celex/31987R3986,805c68457bcb1ed3c33fcb594ca11c525bbe94734ec34a1e4a27e2cc6f32ba58,0,0,0,0,20,38
31988R1059,31988R1059,https://publications.europa.eu/resource/celex/31988R1059,db7984c4999795506f879aaf2279ec39d692e2a4591f174d96f90cf37bcd4784,0,0,0,0,13,13
31988R2324,31988R2324,https://publications.europa.eu/resource/celex/31988R2324,0368ecbc2d189b70d4c007996f9f06dc715dd71deac2ec3977655b8fd931bc81,0,0,0,0,31,31
31988R4277,31988R4277,https://publications.europa.eu/resource/celex/31988R4277,2ba2d277a54114602af215e9fe356a41b96bc89e6fb856ec4adbe4bd7f99f429,0,0,0,0,19,19
31989R0120,01989R0120-20130701,https://publications.europa.eu/resource/celex/01989R0120-20130701,f48cdb9b3a2559977141be728d8807d942d73da8362ce1861c7643fcaec9f04c,15,15,1,0,96,119
31989R1553,01989R1553-20210101,https://publications.europa.eu/resource/celex/01989R1553-20210101,fc51ced19c433f9afc994eddc82234d596385a9d98094931f4e6bec886efbe22,13,13,4,0,33,63
31989R1676,31989R1676,https://publications.europa.eu/resource/celex/31989R1676,4f8500ac2617b1eabb6fddc3a4ded5b703e7fc5c68912e11c885a17e7e43055d,2,2,0,0,29,29
31989R2136,01989R2136-20081231,https://publications.europa.eu/resource/celex/01989R2136-20081231,19bbdb6a2381129d530468a6ca070c6d2a7538657fb16a8095e593119c23c158,11,11,1,0,52,58
31989R2655,31989R2655,https://publications.europa.eu/resource/celex/31989R2655,255e0486dc80a0db82aee8b84654c14118b17e6974594ed404addc8b86aa6399,2,2,0,0,389,389
31989R3794,31989R3794,https://publications.europa.eu/resource/celex/31989R3794,875630e052fbfd0e6c7757e7c117f1d76ee8e1cdcbde85dce6d31fcb74b7c6ba,2,2,0,0,287,287
31990R1204,31990R1204,https://publications.europa.eu/resource/celex/31990R1204,a024e8b9863f8c91c15d69cbd834bc7d76ff77d364129214212d704a801d1fcf,2,2,0,0,45,45
31990R3037,01990R3037-20080101,https://publications.europa.eu/resource/celex/01990R3037-20080101,5517caa8497808374a72f813f8f5d4ab7f6071a65674b3b8b76b000e94255e98,11,11,2,0,38,47
31991R0443,31991R0443,https://publications.europa.eu/resource/celex/31991R0443,57dec7bbae0ef2564b524ab1f5991624bdd51f086e97712a87cd33c71e2ca599,0,0,0,0,24,24
31991R0879,31991R0879,https://publications.europa.eu/resource/celex/31991R0879,34a4c0324667d6ee60a6cda2412289c2259b8534bce3f1c3909380e8a89d3d0b,0,0,0,0,123,123
31991R1288,31991R1288,https://publications.europa.eu/resource/celex/31991R1288,df201f1752c62890296da80d92f1c35a3730e3b0f5e8f2f4b4c9de4e76868900,0,0,0,0,12,12
31991R2150,01991R2150-19911123,https://publications.europa.eu/resource/celex/01991R2150-19911123,a42085763172601e7810a2b0f6bb29203d64056ff352a3b42282a1fca3d9393d,7,7,0,0,38,38
31991R2263,31991R2263,https://publications.europa.eu/resource/celex/31991R2263,8108bd03d81c6784ed4d3839441663b282b4936e5bee9e8fc325805b3f3bf7bf,11,11,0,0,158,158
31991R3040,31991R3040,https://publications.europa.eu/resource/celex/31991R3040,78690e71f6746ec6371bf9d05dc4d91cafb23e13237c0606db91d75f6551aa2c,2,2,0,0,18,18
31992R0509,01992R0509-20130604,https://publications.europa.eu/resource/celex/01992R0509-20130604,d98663bfda1f3e03dabe2f58601c77c5214d35777e41f40204daa95719efbd29,3,3,0,0,9,9
31992R0597,31992R0597,https://publications.europa.eu/resource/celex/31992R0597,20311e1e32b1d14601147ca53d915a6eb6acb49c8e0ddfc9d61e4bb667c3e81f,2,2,0,0,20,20
31992R1833,31992R1833,https://publications.europa.eu/resource/celex/31992R1833,8c6bb9a7217622befab1f3d3d364f2e3bc60946ce567f4b1f486f6ed060a8afe,2,2,0,0,29,29
31992R2139,31992R2139,https://publications.europa.eu/resource/celex/31992R2139,559e847dd6fab5f3c6af3f79aba1a10b1358c2039319a2ade0984d58044dd2e0,5,5,0,0,36,36
31992R3577,01992R3577-20130701,https://publications.europa.eu/resource/celex/01992R3577-20130701,9ad14bc13f20c29395628af6317db17db136348a3de015a5acd54b9972ebd012,11,11,1,0,35,51
31993R0095,01993R0095-20221026,https://publications.europa.eu/resource/celex/01993R0095-20221026,59acd14905502b1c55619c3c440571b115289a074093bc44ec0480d763da4eeb,21,21,6,0,140,213
31993R0315,01993R0315-20090807,https://publications.europa.eu/resource/celex/01993R0315-20090807,2cf0464d1cd582fe5ad163984cea6df55558755f153b41430bde64a607f00344,9,9,1,0,25,39
31993R0696,01993R0696-20081211,https://publications.europa.eu/resource/celex/01993R0696-20081211,e4ba0dc90b74eec113bf3ed85cda97f4d7bcee172dd5670e1c62cf083f4be6a6,9,9,1,0,135,156
31993R0731,01993R0731-20130604,https://publications.europa.eu/resource/celex/01993R0731-20130604,c21d0a8b4736258256bc68438db396fb4f966d4467d8adaa0c2d2453ce06c677,2,2,0,0,7,7
31993R1315,31993R1315,https://publications.europa.eu/resource/celex/31993R1315,1bf562cb9a932e9692f7bf1c339e232a27ef9c573177b95fa805fd74ebde8391,6,6,0,0,67,67
31993R1932,31993R1932,https://publications.europa.eu/resource/celex/31993R1932,dbbc1f92b07dc35749b751107b56ed01b20c3b38383a4cfcde737bc4c1122b51,7,7,0,0,52,52
31994R2100,01994R2100-20080131,https://publications.europa.eu/resource/celex/01994R2100-20080131,541bb191156716078e252ecb1cb18a113ac5de978595e0b7978cac6876ec9e42,119,119,51,0,532,774
31994R3272,31994R3272,https://publications.europa.eu/resource/celex/31994R3272,0e9bbaa28d22a01fc8738975cf0150a183e26a8a432c3a665fcd906d2f80dda7,0,0,0,0,14,14
31995R0491,31995R0491,https://publications.europa.eu/resource/celex/31995R0491,c93f9b58181b60498ac01fc84459ba577c409740520d057b547d7eb3b3e081ec,3,3,0,0,60,60
31995R0656,31995R0656,https://publications.europa.eu/resource/celex/31995R0656,a25c51a2f4dd6a01a12e3118bd3e866efd24de32dd33c0b46adabe8306764040,3,3,0,0,164,164
31995R0992,01995R0992-20250101,https://publications.europa.eu/resource/celex/01995R0992-20250101,22600d923d06d859d245b94cee6a879cce5b80262179ee0d79ef974593306bd2,8,8,0,0,35,42
31995R1238,01995R1238-20230701,https://publications.europa.eu/resource/celex/01995R1238-20230701,6c1de33f03bfc38a98b7bea86b70cf63c907c677ffde3a7ea28da3ab84380e4b,14,14,7,0,51,91
31995R1276,31995R1276,https://publications.europa.eu/resource/celex/31995R1276,6217b186897e9e9b34c4409e2ff70a628868cb27bb82bd39c1fa172a80e90d29,2,2,0,0,15,15
31995R1328,31995R1328,https://publications.europa.eu/resource/celex/31995R1328,39860d8732dccc2350b634f97b393acda2c93e435da56a42ebcc54b5b6ff9bbc,5,5,0,0,38,38
31995R1359,31995R1359,https://publications.europa.eu/resource/celex/31995R1359,c9f78b0571ab2fd5cdd49e9cf163e44604648722f0d0eb52c1b23ab3359c3e04,0,0,0,0,674,2313
31995R1439,01995R1439-20170626,https://publications.europa.eu/resource/celex/01995R1439-20170626,6afdacb27e08405575ac9db2a6e7af37d988aed1d0fc47352574d45d2e0b6ab9,17,17,3,0,129,162
31995R1683,01995R1683-20231227,https://publications.europa.eu/resource/celex/01995R1683-20231227,7350e181fea3024b8a743b1d043f89beab2b36cf1ccb500e5c5b48096d1fc7c6,8,8,2,0,45,52
31995R1768,01995R1768-20240401,https://publications.europa.eu/resource/celex/01995R1768-20240401,68e4b7298bf35fe3b02894560e8f3b59b12a9fdc5279c763cfb34321075a65b0,19,19,7,0,110,156
31995R2546,31995R2546,https://publications.europa.eu/resource/celex/31995R2546,655166d444dd3262c414fcc304d3d9713762a022e7a3992e497a4515665553a8,2,2,0,0,40,40
31996R0499,01996R0499-20250101,https://publications.europa.eu/resource/celex/01996R0499-20250101,853fd00c18d8909841edf26b0e6f32880e38887e281c38da65a84b240df78ca2,7,7,1,0,32,39
31996R0847,01996R0847-20100101,https://publications.europa.eu/resource/celex/01996R0847-20100101,1abbb6b87dd83bc7c5d08b7dcd1d8475b1f03e16c8e5dc2fd278634f568308dd,5,5,1,0,18,24
31996R1257,01996R1257-20190726,https://publications.europa.eu/resource/celex/01996R1257-20190726,ed2e687411259063d4d96949fcadbd4b92ce954ba5cb11d5c63c0a5c526a92fd,21,21,4,0,91,104
31996R1610,01996R1610-20130701,https://publications.europa.eu/resource/celex/01996R1610-20130701,0215593c89e4bb701b06de76f4812513d1c0d899952a03dabafc541ef19134ae,22,22,6,0,109,132
31996R2271,01996R2271-20180807,https://publications.europa.eu/resource/celex/01996R2271-20180807,ba1543e80f7bd6bffa4ef3cdc9743531be8f0f334656e52ec9741608910f1c89,13,13,2,0,89,96
31996R2406,01996R2406-20050602,https://publications.europa.eu/resource/celex/01996R2406-20050602,fd9525a39433b53814726e85ccf6df4276b5ef7ec28401c33de598bbfa6ad0f6,16,16,4,0,101,120
31997R0088,01997R0088-20230321,https://publications.europa.eu/resource/celex/01997R0088-20230321,c14a90c7059702b2e89d56c5e1f1d2910e1f67f4e7ea02c389c71ae2fa5437c9,18,18,7,0,94,126
31997R0338,01997R0338-20230520,https://publications.europa.eu/resource/celex/01997R0338-20230520,8eb8c9657d41464590b6319f6aba9980e2c3fcf7fa2eca65cb41b5f3d41495a9,22,22,1,0,269,322
31997R0515,01997R0515-20210101,https://publications.europa.eu/resource/celex/01997R0515-20210101,0a4ace00c176d61b61dc1319b8a49c61572b470b0cc32e931eafd4d8fe429b9c,66,66,12,0,394,496
31997R0673,31997R0673,https://publications.europa.eu/resource/celex/31997R0673,7606a717d4c753f113302c245cfe235b5afd53bac13f3df5a6fc162559f8226c,7,7,0,0,84,84
31997R0986,31997R0986,https://publications.europa.eu/resource/celex/31997R0986,475223eabf3ac69eb61922503d52ddf6e49179ec0accbbdfc4a3aa4279945bc4,2,2,0,0,37,37
31997R1467,01997R1467-20240430,https://publications.europa.eu/resource/celex/01997R1467-20240430,0cf1d1ce7ea61c3d3626b010c93df00861f4835681368cd2ccccdfce071212fd,20,20,5,0,77,116
31997R1715,31997R1715,https://publications.europa.eu/resource/celex/31997R1715,4af9093aa11482071fa87b11c85b3c04586561394a5610a181667a99a4fce8b8,0,0,0,0,32,32
31997R2008,01997R2008-20140409,https://publications.europa.eu/resource/celex/01997R2008-20140409,b428a7349ffbce0920f5350340a0d4a1620824e5180eaf36fd8f4f987da1139e,12,12,5,0,21,34
31998R0644,31998R0644,https://publications.europa.eu/resource/celex/31998R0644,4678bc832662149c2a95ca4c49fc2987c2bf7db415e19255f0d6c145af48b42a,2,2,0,0,40,40
31998R0974,01998R0974-20260101,https://publications.europa.eu/resource/celex/01998R0974-20260101,cf2ef29b30f4ad327e2df5d2c4b349eba8221961f9318a5cf03ba6a6457cbf46,19,19,1,0,69,79
31998R2316,01998R2316-20170719,https://publications.europa.eu/resource/celex/01998R2316-20170719,b4f107fbb4a337dc69b91dd23e59f161cc59ffd41757daf37f3aef71eb0362eb,3,3,2,0,14,23
31998R2533,01998R2533-20260312,https://publications.europa.eu/resource/celex/01998R2533-20260312,884d289f76c850dd1632b7a90f3433ed262a81e3ad73ed6cbede226af103e35e,16,16,2,0,110,140
31998R2785,31998R2785,https://publications.europa.eu/resource/celex/31998R2785,901d3f549312e97e22cbd08f2001c65495d117a03df5a2fcbfac94eb7a05da6d,2,2,0,0,31,31
31999R0718,01999R0718-20140618,https://publications.europa.eu/resource/celex/01999R0718-20140618,b936b362b1423b40eeb536173d8be0da237873f1738297111cec74f7c8b874b3,10,10,1,0,64,87
31999R1085,31999R1085,https://publications.europa.eu/resource/celex/31999R1085,874acd0daf3d6f1d6c2bdb3cef805338a9b33e6e34cfd687e65cb1f4fc126ca9,2,2,0,0,26,26
31999R1228,01999R1228-20070101,https://publications.europa.eu/resource/celex/01999R1228-20070101,777a044c02699ea1ec9a7840540674cbf2dc4c5aead174b0423ade2a44ff21e7,3,3,1,0,20,22
31999R2157,01999R2157-20230626,https://publications.europa.eu/resource/celex/01999R2157-20230626,c07f504ae3f693e57ec6fcf00c8a045554a575ba915ef8535bb185a58adb442c,15,15,8,0,55,111
31999R2200,31999R2200,https://publications.europa.eu/resource/celex/31999R2200,f0e3fdd53426bcdcdb52742f81910d3352a43b77d9b3c0869a85220816556d3f,2,2,0,0,30,30
31999R2471,31999R2471,https://publications.europa.eu/resource/celex/31999R2471,9ddf98a7a8526db7a3bf241fde748486650c2da8745cb23b5ca7ae916a848fa1,2,2,0,0,33,33
31999R2793,01999R2793-20040501,https://publications.europa.eu/resource/celex/01999R2793-20040501,0d470e367d98e1ef5b0b24acd0326d0bb20318f3000b4a6316ee3fcad97ef161,9,9,2,0,28,39
32000R0032,02000R0032-20240101,https://publications.europa.eu/resource/celex/02000R0032-20240101,28cbb25705adbab7f22d1d35b0d6ef0f0092a07ccc60f319e4b84bc2ca40023a,15,15,4,0,82,105
32000R0141,02000R0141-20190726,https://publications.europa.eu/resource/celex/02000R0141-20190726,b4b726bdfefdbc6b11aeb634ee68e301c4cb5c86023b3a0b75a60c898cf88707,13,13,4,0,57,94
32000R2554,32000R2554,https://publications.europa.eu/resource/celex/32000R2554,06d1b040c1d05d0b998f60b79b5a5c40965c1f6fa97642d5fd03eba949619a44,2,2,0,0,34,34
32001R1050,32001R1050,https://publications.europa.eu/resource/celex/32001R1050,763319e386d0c2013c49c59502c4855acf47000df1df99d17f23014de697d8e6,2,2,0,0,33,33
32001R1488,02001R1488-20130701,https://publications.europa.eu/resource/celex/02001R1488-20130701,8ba9a397c39c1c50773c1113532e8d533bb1fab67b63aa7faeb503c89b6cbb27,27,27,5,0,207,265
32002R0006,02002R0006-20260701,https://publications.europa.eu/resource/celex/02002R0006-20260701,c03305cd9cc6e3ec2151f369bf84bf9462e95eb3d3c9e42519d1793d445994f4,158,158,65,0,712,1062
32002R2012,02002R2012-20200401,https://publications.europa.eu/resource/celex/02002R2012-20200401,97c6ce78930fec9e40d53b795976fedaddbd1e16e109a6d3a7aefa95af1ae748,14,14,3,0,67,109
32002R2099,02002R2099-20190726,https://publications.europa.eu/resource/celex/02002R2099-20190726,fd82e5181a2f5bb61d2bd0c0e3939d7708acb1da88e474a5ef657ae089ffac88,12,12,1,0,50,62
32002R2150,02002R2150-20260101,https://publications.europa.eu/resource/celex/02002R2150-20260101,87c2601186bbf00ff72256e1b6a8e1a460c351f39cbde09ba6e5718b125669b6,9,9,2,0,141,165
32002R2321,32002R2321,https://publications.europa.eu/resource/celex/32002R2321,7e4049e22d96c31444064d13a69de9367b746cdddcbffeb8b22a723734db2599,29,29,0,0,287,287
32002R2368,02002R2368-20250617,https://publications.europa.eu/resource/celex/02002R2368-20250617,9fe0350d901224c9b4fe274de9319784de53bd11709e9c3cb68f550284682640,29,29,7,0,956,1003
32003Q0401(01),32003Q0401(01),http://publications.europa.eu/resource/cellar/e467c4b9-2a1b-439b-8b14-b6139782a949.0004.01,f071a0192120c72192a68644c7f3fc6bc1be2340acfbfca362ce032468d00446,137,137,0,0,883,883
32003R0569,32003R0569,https://publications.europa.eu/resource/celex/32003R0569,b1eafc2adf4e0f8d63f4247744eec834f0644958498bbc39926dfd3bd48dbe34,2,2,0,0,65,65
32003R2065,02003R2065-20210327,https://publications.europa.eu/resource/celex/02003R2065-20210327,09e0f0b11523dcecf6a4d99335e95c349196f28da683cb146a20b7605272a086,22,22,6,0,113,168
32004R0016,32004R0016,https://publications.europa.eu/resource/celex/32004R0016,422df6189705c7bdb7879934f284709cb15fe40e2af394c8e9eba7216fb05fe5,2,2,0,0,36,36
32004R0883,02004R0883-20190731,https://publications.europa.eu/resource/celex/02004R0883-20190731,bf384f479049e53e78bae27399c51c088b3d7f187b8be41835dbeff3e65c0766,95,95,36,0,954,1176
32004R0915,32004R0915,https://publications.europa.eu/resource/celex/32004R0915,2dc8439f6e02ff8b4700488402c4e14577600c704d88689935cf818e6c83091e,2,2,0,0,32,32
32004R1744,32004R1744,https://publications.europa.eu/resource/celex/32004R1744,b1524c39a2ad6e171211b0b3ec8e7735b05dd91b5f4d7c0540b6d653b1ae7781,2,2,0,0,23,24
32004R2205,32004R2205,https://publications.europa.eu/resource/celex/32004R2205,aab47d2c1fcab0c2ca5b134177c308cac9a13f3e8c3957c586ede8a5c26a22ed,2,2,0,0,28,28
32005R0358,02005R0358-20260108,https://publications.europa.eu/resource/celex/02005R0358-20260108,f03261ddd1d802a4e050ffeb4de5b880a9cb3525c8c873458ee693409006d747,5,5,0,0,19,19
32005R1552,02005R1552-20090807,https://publications.europa.eu/resource/celex/02005R1552-20090807,45f7099e1b3d330cf03376dd6581a3e8d81e12eed33d0a7b12622667dce8f9c6,16,16,6,0,66,93
32005R2173,02005R2173-20250708,https://publications.europa.eu/resource/celex/02005R2173-20250708,27e5b9fe281cb4652736aafb24ff65c6b24290411880272ee4dd23f75e1d78e5,13,13,8,0,50,84
32006R0166,02006R0166-20200101,https://publications.europa.eu/resource/celex/02006R0166-20200101,32d7d6f450f88a6ef1b50a7bf310f2f7476d8fe76eb7fbd273bff4cb204e66a9,21,21,8,0,109,142
32006R0864,32006R0864,https://publications.europa.eu/resource/celex/32006R0864,178cc7a15c558502d1c2853f988dfbeba27d4639e37c4050f8f56805f7a39eec,3,3,0,0,24,24
32006R0952,02006R0952-20171001,https://publications.europa.eu/resource/celex/02006R0952-20171001,38bbb1dfa0969d1f926cd79ee3550f4a542e09701cc844af30b8ab4ffbaab78c,56,56,6,0,469,566
32006R1013,02006R1013-20250101,https://publications.europa.eu/resource/celex/02006R1013-20250101,01e8b1a74d3edf0d996474929ba335dd0d9869681671b699f931f95243972fb8,65,65,15,0,1138,1294
32006R1082,02006R1082-20140622,https://publications.europa.eu/resource/celex/02006R1082-20140622,50308539701f4b5c734fcc806257b7d0e505053cdb767c237de9cdd6b8db2eb4,21,21,6,0,135,188
32006R1506,32006R1506,https://publications.europa.eu/resource/celex/32006R1506,48be05b86b9b85811cf1cb54172e5efa641eeeedcfbc5867311dafb1b9146123,2,2,0,0,20,20
32006R1539,02006R1539-20070808,https://publications.europa.eu/resource/celex/02006R1539-20070808,3d78f0e78f9b486e52447e2a855243cb8df44c00e703424dd2b0e2816e701624,5,5,1,0,25,27
32006R1823,32006R1823,https://publications.europa.eu/resource/celex/32006R1823,e9fffffa482bff12ca81cdb8b1ffce8d0875147e07312d0284f8625135d0617a,2,2,0,0,16,16
32006R1950,02006R1950-20130216,https://publications.europa.eu/resource/celex/02006R1950-20130216,95d91c714b1ea9236f6b216606445795d04caaca4574797a72f88c6f45b0bcfe,6,6,1,0,19,23
32007R0201,32007R0201,https://publications.europa.eu/resource/celex/32007R0201,29c30627adf4e3926d3a1ab0db48015c84aebd8a38e3930046e11c7b00427132,2,2,0,0,15,15
32007R0236,32007R0236,https://publications.europa.eu/resource/celex/32007R0236,37f26934835a6354cffdd6298743116355cd7d9798434d62ebe8222412670db0,2,2,0,0,18,18
32007R0378,02007R0378-20111228,https://publications.europa.eu/resource/celex/02007R0378-20111228,716594f542f688cc4f96d3a10b6a174d8041ac72fa9b0b944c9b2464a384ac62,10,10,1,0,42,55
32007R0383,32007R0383,https://publications.europa.eu/resource/celex/32007R0383,b7ef2cd410664d9c29a1474ec3f9e7371816d5bc59e1d90b85974e3db2bb6af1,0,0,0,0,62,62
32007R0498,02007R0498-20110112,https://publications.europa.eu/resource/celex/02007R0498-20110112,ee0ca9d1a82619cc3ddfc4dc96b90596cff36e93dc78a3e66d0b915ee488b07f,69,69,17,0,981,1115
32007R0607,32007R0607,https://publications.europa.eu/resource/celex/32007R0607,7d9a97fa3e1346d7842103764a536f97efdb97121b4888cfa9bc6bfa0bb7c7d6,2,2,0,0,23,23
32007R0617,02007R0617-20140530,https://publications.europa.eu/resource/celex/02007R0617-20140530,76d905a6a97be4d0c53252a1ea437dc95ca5eae5e5f3b9492a9c75148fccc2b5,20,20,2,0,149,207
32007R0718,02007R0718-20151121,https://publications.europa.eu/resource/celex/02007R0718-20151121,d638cdd86e5103156156caa0f198a49a47b118269a55df0e2b8ad46871867186,196,196,39,0,1431,1776
32007R1065,32007R1065,https://publications.europa.eu/resource/celex/32007R1065,6d4ff4a504aae7b8bb1c7c6e1f29d6b5e84ffe178d3408ceac3e00dd38cd80a3,2,2,0,0,19,19
32007R1151,32007R1151,https://publications.europa.eu/resource/celex/32007R1151,4a5b546ae18324e7ade32a5805f8723b9780682ebb5eae4264bdbc8d1cc24484,3,3,0,0,27,27
32008R0106,02008R0106-20130326,https://publications.europa.eu/resource/celex/02008R0106-20130326,eb5f5ef266f8c6ccfefec6fd8ab3286efa139580b5f5373eb24ec24f4923c07e,14,14,6,0,48,69
32008R0324,02008R0324-20160420,https://publications.europa.eu/resource/celex/02008R0324-20160420,812d2ca041aff39917e1f8e9089a87fe5038d2bc15c4ed6b8cab1644b6e73ab0,19,19,1,0,131,169
32008R0361,02008R0361-20080514,https://publications.europa.eu/resource/celex/02008R0361-20080514,d6a3e7573291c6a455d635db937daa626e8b9bb9003c65b88b795457c7f1cd91,4,4,0,0,201,230
32008R0416,32008R0416,https://publications.europa.eu/resource/celex/32008R0416,f077c2601d258f0a8fd1cddbad410574a2d2fea306db8d4e1de8e24ac9a9796a,2,2,0,0,30,30
32008R0766,32008R0766,https://publications.europa.eu/resource/celex/32008R0766,6627081f182729f566a177634e49ceb2d0bb1faec20f715bf37684c5d8b33554,2,2,0,0,64,289
32008R1143,32008R1143,https://publications.europa.eu/resource/celex/32008R1143,e853ceffbe352fd1777725697640e421a7adf1aacb0313677d50d96f692e5fa6,3,3,0,0,21,21
32008R1250,32008R1250,https://publications.europa.eu/resource/celex/32008R1250,ab625e49efc904db79c7052963ec4203c902b6fb24459d28275e9e67a8b29124,3,3,0,0,40,40
32008R1331,02008R1331-20210327,https://publications.europa.eu/resource/celex/02008R1331-20210327,968e7ea83029afdcc45deb348a867996fc8036db05a877f2be6fc224be993fbf,16,16,4,0,73,102
32009R0045,32009R0045,https://publications.europa.eu/resource/celex/32009R0045,cf14956698cd7d9a4a77796be81fda81a9e112f05785ade6e14e75163eddae05,2,2,0,0,24,24
32009R0080,02009R0080-20240519,https://publications.europa.eu/resource/celex/02009R0080-20240519,461d7faaa9087d1b80b81fd49cb8651ce15fc7570735abd3d5bc5af31469a531,19,19,10,0,96,143
32009R0116,32009R0116,https://publications.europa.eu/resource/celex/32009R0116,e47eba4b622fa71e368cd7f6618ffe3d497cafb61c5187b8cda817b7b740bce7,12,12,0,0,73,73
32009R0179,32009R0179,https://publications.europa.eu/resource/celex/32009R0179,5988bcf97f4654bd388be65681930c8e7a3bd374d66a6719347fc9828dae8d4d,2,2,0,0,23,27
32009R0223,02009R0223-20241226,https://publications.europa.eu/resource/celex/02009R0223-20241226,2ebb605a4325275e74f0ba7f5d549bccbcf6e4281ca2d0e0c8f41a22b512733e,40,40,11,0,234,318
32009R0479,02009R0479-20140901,https://publications.europa.eu/resource/celex/02009R0479-20140901,505e4cdd4489d84e79899ee8485fb6a1513625c20cd79bb7f15d16e7a90c9602,22,22,8,0,87,124
32009R0617,02009R0617-20120701,https://publications.europa.eu/resource/celex/02009R0617-20120701,2dcec60c16eacc27c22f363f196e317c7fa68ae25ded165707691481b5abdb61,4,4,3,0,7,15
32009R0678,32009R0678,https://publications.europa.eu/resource/celex/32009R0678,bfa9b50095636c596e0e9d4e3459a3f00916e4ed8d384119ffd05be5a0f8a17c,2,2,0,0,16,16
32009R0680,32009R0680,https://publications.europa.eu/resource/celex/32009R0680,0184afa6051c90f1e50219739a1ee7ef310c0dd0f39c3bef5108c77a3fec2593,2,2,0,0,21,21
32009R0767,02009R0767-20181226,https://publications.europa.eu/resource/celex/02009R0767-20181226,da76a11aad7e584f7cdb4c7ef89142e767b30b5e0fc0881e9402e9440eb45567,33,33,8,0,323,395
32009R0954,32009R0954,https://publications.europa.eu/resource/celex/32009R0954,0877383468420e9e71876049332c657f1477e78008fac2f73fcc84667702ec5e,2,2,0,0,33,33
32009R0976,02009R0976-20141231,https://publications.europa.eu/resource/celex/02009R0976-20141231,21900a1aa25e5df34a803301d34dec2d153df5bf7e5b17c3a8439a4a0bbc5cb4,5,5,1,0,237,243
32009R1069,02009R1069-20191214,https://publications.europa.eu/resource/celex/02009R1069-20191214,a5d7ca3c88372657dbb93abf145d42abbdeff0aca59f4f02526a2fd8db2e3b81,54,54,4,0,603,654
32009R1107,02009R1107-20221121,https://publications.europa.eu/resource/celex/02009R1107-20221121,5eb7778d0f6c5763a8fedc91dde5068052b9800d61bb6b231ab477d01dff9b55,83,83,10,0,742,996
32009R1168,32009R1168,https://publications.europa.eu/resource/celex/32009R1168,e94df1b5126402f24cf9a6ee240d83f1b25cf28e7d6a7f2c32cf623dfc774b07,2,2,0,0,24,24
32009R1186,02009R1186-20260701,https://publications.europa.eu/resource/celex/02009R1186-20260701,874453cf213418670b771304765243e5dba8949815ea90935e539017f923fc4e,132,132,20,0,560,633
32010R0977,32010R0977,https://publications.europa.eu/resource/celex/32010R0977,b2c804b8143660d64de064cc10cfaf2cdc1b965a08d241da18c03a57f8fea803,2,2,0,0,16,16
32010R1126,32010R1126,https://publications.europa.eu/resource/celex/32010R1126,53ae2d4cac8051ee58bf27ba4653ae5c391529854c6e05f237a03dcf2bbd1030,2,2,0,0,23,23
32011R0132,32011R0132,https://publications.europa.eu/resource/celex/32011R0132,cd77035b4cb335eed97e2bff1272277884889564ceb19929d4d6e50c2bca5dca,2,2,0,0,16,16
32011R0174,32011R0174,https://publications.europa.eu/resource/celex/32011R0174,7aea69578edd3e4a4ec1afa142f20110b2bda69afeb791452c7a29f445080a1e,2,2,0,0,16,16
32011R0359,02011R0359-20260316,https://publications.europa.eu/resource/celex/02011R0359-20260316,9312ba7be45100fa129eb23a05cd4686d41c8a42b04181a47466582361589daf,20,20,7,0,164,192
32011R1249,32011R1249,https://publications.europa.eu/resource/celex/32011R1249,039509f0a6ad834bddd7cb4ff15d7e57b4ef28e743790af966c6a5ce457bdc80,3,3,0,0,21,21
32011R1323,32011R1323,https://publications.europa.eu/resource/celex/32011R1323,d2703b33f3d8fe9497313b65a2c87986799da1216cb8d4a7ac4b33740e83fb90,5,5,0,0,37,40
32012R0378,32012R0378,https://publications.europa.eu/resource/celex/32012R0378,e9192a2720c7b095baa2410677c82e6c35d0073cef019cf7e850a515bee6a8f7,2,2,0,0,35,35
32012R0389,02012R0389-20230213,https://publications.europa.eu/resource/celex/02012R0389-20230213,ad6b18cf698016a6c4c623082d88b30e96bbab258b2ccdbedb5d58c3acd15a10,39,39,8,0,228,303
32012R0520,02012R0520-20260212,https://publications.europa.eu/resource/celex/02012R0520-20260212,2f4d638453ac4a011b33688802a1013d833c3613c43eed32b95fac876fbb651a,41,41,14,0,277,422
32012R0648,02012R0648-20250117,https://publications.europa.eu/resource/celex/02012R0648-20250117,b10661297265b679cb896f87a0599b5713951313fa0fabccbab57e9d123529e9,137,137,20,0,1533,2057
32012R0873,02012R0873-20180423,https://publications.europa.eu/resource/celex/02012R0873-20180423,6ce5205512d487849bfa20806e4440389436da6eb6c396786556e67f089960c9,6,6,1,0,24,26
32012R1140,32012R1140,https://publications.europa.eu/resource/celex/32012R1140,d6fa2f469ae9ba7df75d2172239a1dba7d27898924be429a93999059d8af7ce5,2,2,0,0,18,18
32013R0401,02013R0401-20250429,https://publications.europa.eu/resource/celex/02013R0401-20250429,0454f0f301160683ca8d62976c1145f9f0623a68455747b23d1278743b893d62,26,26,6,0,217,255
32013R0416,32013R0416,https://publications.europa.eu/resource/celex/32013R0416,ab7eec6d6d029946fadcbabdf88aed0e34c04b7561adb61049aa5566d4cb406e,2,2,0,0,18,18
32013R0489,32013R0489,https://publications.europa.eu/resource/celex/32013R0489,c09c3cd852528f25bf2a7e662eab8fcdc1557fdf35aaee215376290f736fa2aa,2,2,0,0,22,22
32013R0575,02013R0575-20260626,https://publications.europa.eu/resource/celex/02013R0575-20260626,2d041b5b32d4020fa1decb3bb64e835d6fcb747c5274a61f785b195a9dc9e6ad,736,736,55,0,7817,9216
32013R0877,02013R0877-20200722,https://publications.europa.eu/resource/celex/02013R0877-20200722,4ec5b01c777cefcf2b9e4cecf7b7bfc6dfaee25529017de77ecfab46cedf756a,4,4,1,0,26,29
32013R0914,02013R0914-20131005,https://publications.europa.eu/resource/celex/02013R0914-20131005,1d3ccb5e7bf055a20164892c9db469d2f1f1fd06242523be9143f934a53d0d21,2,2,1,0,27,36
32013R0952,02013R0952-20221212,https://publications.europa.eu/resource/celex/02013R0952-20221212,9963c4596d19c9f8f2306ba7e02db475a4da4e3e93b406be2a4e541ca89b237f,290,290,42,0,1784,2232
32013R1074,02013R1074-20131127,https://publications.europa.eu/resource/celex/02013R1074-20131127,eb1c5003d77c901cacfd9eb740444a698b91ddc495d3f0682213dc72a0c4af48,10,10,4,0,71,84
32013R1303,02013R1303-20240301,https://publications.europa.eu/resource/celex/02013R1303-20240301,c8f9c3caaac370a19d0cdbdf62b68198df11868d0038c9d74850673bbed228e6,163,163,39,0,1789,2346
32013R1308,02013R1308-20241108,https://publications.europa.eu/resource/celex/02013R1308-20241108,5ee54e7e19cc522c8f495713dcc4e2ca654c4f7d40ac8aad2f6fc86bf9adf996,165,165,21,0,2043,2333
32013R1352,02013R1352-20251124,https://publications.europa.eu/resource/celex/02013R1352-20251124,37c3b70a38e9af1df3f1b4d98a801b12df6a11cee1b1abb14f6b9d5db058dc79,4,4,2,0,76,87
32014R0066,02014R0066-20170109,https://publications.europa.eu/resource/celex/02014R0066-20170109,f01da009d0170ff947389695ba94fdf38b91a8de524edf02810d399f36bb3798,8,8,2,0,164,162
32014R0067,32014R0067,https://publications.europa.eu/resource/celex/32014R0067,d9fa13bea70aaf72a4f1499f111c5ec287cd14ae5f099379c1150e30e479ccd4,2,2,0,0,16,16
32014R0391,32014R0391,https://publications.europa.eu/resource/celex/32014R0391,782bfcf66a206c2d0a2792ebd1072c6797c3e501c5b1d20d1d9ec3c10fa74795,2,2,0,0,34,34
32014R0468,32014R0468,https://publications.europa.eu/resource/celex/32014R0468,17601b683ce7b2d2e0aab9a36844811c9625871bba80eb749279c349c998e790,153,153,0,0,1031,1043
32014R0683,32014R0683,https://publications.europa.eu/resource/celex/32014R0683,abc448f08ef972522595d472790cc4d9eb93082dff52e6b2057fa3d912efc37c,2,2,0,0,21,21
32014R0788,02014R0788-20140808,https://publications.europa.eu/resource/celex/02014R0788-20140808,5e74ea5414cbdc89adead6a8e4b13417f7feffc49229d1dfdb14444c3ae30570,27,27,8,0,118,185
32014R0806,02014R0806-20260611,https://publications.europa.eu/resource/celex/02014R0806-20260611,03d2151df120b1b21789dbc1e200c52cd5755c1a3778a0ac756fdb7ec27645bf,114,114,27,0,1158,1548
32014R0913,02014R0913-20140811,https://publications.europa.eu/resource/celex/02014R0913-20140811,d5d2a51eb04b619a6a0f84f1fcbbd0938ecebe9be998d0925c11f28e860beddb,8,8,0,0,50,70
32014R1334,32014R1334,https://publications.europa.eu/resource/celex/32014R1334,b9f18ab8721c1bcef8c2fdda2e54f91e4b5df81c7b204929d37a69b144e3c605,5,5,0,0,49,49
32014R1368,32014R1368,https://publications.europa.eu/resource/celex/32014R1368,59dc070dc069c2c0c251951201c0ea84f378c206c52ff61a39a5162eedb3e0a8,3,3,1,0,24,29
32015R0035,02015R0035-20241114,https://publications.europa.eu/resource/celex/02015R0035-20241114,26b612368f48b5b5869d2aaee8c4850007f6e3b2cb654ad798e1cacd8be7da61,398,398,59,0,4955,5542
32015R0068,02015R0068-20250615,https://publications.europa.eu/resource/celex/02015R0068-20250615,89df062670628544e8474c8030813faa6a0e47098e747b59f04671eab514a8e8,19,19,3,0,995,1691
32015R0707,32015R0707,https://publications.europa.eu/resource/celex/32015R0707,dbae44b748561da393eb02b0d31551046676e6204771c94c1f43c9a9ed604e1d,2,2,0,0,27,27
32015R0848,02015R0848-20251106,https://publications.europa.eu/resource/celex/02015R0848-20251106,eb81859511131241890582e84dd209afcb6c3412ac9159f51ae8405a40754eec,92,92,31,0,778,931
32015R1375,02015R1375-20250409,https://publications.europa.eu/resource/celex/02015R1375-20250409,0f31d7c459a0f4e5649ff8f96387ce574feee7f1177f4a15ee893419fb08f2ea,15,15,3,0,319,336
32015R2111,32015R2111,https://publications.europa.eu/resource/celex/32015R2111,0a24d17c5d9e7d4c359b002bc720dd481a78024af844aa5fb3e89f611df9512b,2,2,0,0,18,18
32015R2205,02015R2205-20240211,https://publications.europa.eu/resource/celex/02015R2205-20240211,61343df774c9a4b3869f078ab439cd533c5ac5dafe43118111d4791328a978c1,4,4,1,0,37,43
32015R2446,02015R2446-20250225,https://publications.europa.eu/resource/celex/02015R2446-20250225,f3d36429ba0afaedde9e96a41b8afa7c2b204a79fcedca5581f21644e3783b75,269,269,0,0,4482,4854
32015R2447,02015R2447-20250519,https://publications.europa.eu/resource/celex/02015R2447-20250519,e4f2ca9b37e390447f5c138adfaddb24cd2c007ff79cb920618f9c7b1041af29,355,355,1,0,4473,5220
32016R0424,02016R0424-20260529,https://publications.europa.eu/resource/celex/02016R0424-20260529,bd147197e98d6bdf8c459ba7e26f96c2020a485ad055ca4da8930ddbb2641bfb,53,53,12,0,434,715
32016R0429,02016R0429-20210421,https://publications.europa.eu/resource/celex/02016R0429-20210421,09706b236fe6b5bc7b0eb0147a9cd25b8b2f87d1ad892ad91dc3ab55b5405ef7,282,282,19,0,2677,2993
32016R0440,32016R0440,https://publications.europa.eu/resource/celex/32016R0440,23dfc8601cf190e9623672a736e6b8f6d5a72d6fbce40ae760ce145ec84e5db0,3,3,0,0,25,25
32016R0679,02016R0679-20160504,https://publications.europa.eu/resource/celex/02016R0679-20160504,a681ff22f32f125749af6e96947224369efc132edb8a95b12637e357df1056de,99,99,37,0,719,1030
32016R1036,02016R1036-20200811,https://publications.europa.eu/resource/celex/02016R1036-20200811,24736d00a221922de18f64c1f863ef585c2ada150796492fdefd6109cafab94e,28,28,7,1,252,407
32016R1686,02016R1686-20251124,https://publications.europa.eu/resource/celex/02016R1686-20251124,70be1f1fa11ce00b277f61a27540ccee3ffe4bbc95b4bc002f33e1262b43dee7,19,19,5,0,163,183
32016R1953,32016R1953,https://publications.europa.eu/resource/celex/32016R1953,4beda62576393249926910cc361be158d2729d5f3baeef57ef3e577a178bcba3,9,9,0,0,94,94
32016R2251,02016R2251-20230214,https://publications.europa.eu/resource/celex/02016R2251-20230214,eaa6cd150990efb3c7c1128aeda9c6623da55e601b4bcf97cfe342d9ae23dc1b,42,42,5,0,445,525
32017R0335,32017R0335,https://publications.europa.eu/resource/celex/32017R0335,546b6523032bc689977c9e46678fccc97b85ee56bf7cbf72c2a7dc7792ba7c93,2,2,0,0,28,28
32017R0625,02017R0625-20250105,https://publications.europa.eu/resource/celex/02017R0625-20250105,d7bb275dec54c0341a77de080e05c30a6922077b331e62333f8d78cf1bf36f98,167,167,20,0,1583,1868
32017R0637,32017R0637,https://publications.europa.eu/resource/celex/32017R0637,540dd65c8455d96a0bf27dcb06c7543c432d0ba4737c995aaa4dbfccf9eba939,2,2,0,0,15,15
32017R1001,02017R1001-20251201,https://publications.europa.eu/resource/celex/02017R1001-20251201,4bc331ae6c633154e452869a52fec9f4e8bdda861bba6b13bcef23a01b857cb9,212,212,103,0,995,1657
32017R1131,02017R1131-20241224,https://publications.europa.eu/resource/celex/02017R1131-20241224,8bc167d544f7fe5bbe4d882dcb541b220f5f7dcdcbbb8936748b67b385fc763a,48,48,12,0,427,549
32017R1485,02017R1485-20210315,https://publications.europa.eu/resource/celex/02017R1485-20210315,e80a8cda31925d3735a0475dec8e27db8d6fe18f173ef99361df4d7a2b36f298,192,192,44,0,1771,2274
32017R1492,02017R1492-20190616,https://publications.europa.eu/resource/celex/02017R1492-20190616,b599b6c56565811c1a093f5a6d8fe7e405b185db4eee1087984f22af5786e2cb,4,4,1,0,14,17
32017R1965,32017R1965,https://publications.europa.eu/resource/celex/32017R1965,1accfabbbdeb9b092d35e4216e9c542bd36731c466367ee02f2b3fd70bd6ab72,2,2,0,0,20,23
32018R0265,32018R0265,https://publications.europa.eu/resource/celex/32018R0265,e36a9ad57cfb2086d268d9e15b0edf4a48982615225756cedcdc4396437adfde,2,2,0,0,18,18
32018R0345,32018R0345,https://publications.europa.eu/resource/celex/32018R0345,f42a7fd154494b9bd910010a4513fafb5b15a46845474dc3860bf559355cf660,14,14,0,0,156,157
32018R0644,32018R0644,https://publications.europa.eu/resource/celex/32018R0644,e715dc32ba8ccf3f6dae1301008ca3f33334ac7d0870b01d940a887c3fb3dd54,13,13,0,0,146,146
32018R1048,02018R1048-20250410,https://publications.europa.eu/resource/celex/02018R1048-20250410,642b0d6e9fc6d5608215a968ee798f079b1fcaba8a1c97742a4af316301deeb3,7,7,1,0,65,72
32018R1139,02018R1139-20250525,https://publications.europa.eu/resource/celex/02018R1139-20250525,d5ba0e90c2e8d1e4160996178a12df68e9026e9e0c6bc52518a7258c1a6baa86,141,141,42,0,1409,1912
32018R1618,32018R1618,https://publications.europa.eu/resource/celex/32018R1618,998d3a03a4e0f95e2acb1693fcaacb7fdf3d80389b799f44aca65602656d6102,2,2,0,0,27,67
32018R1807,32018R1807,https://publications.europa.eu/resource/celex/32018R1807,48094ac1ab9b863cd9a10aab6c9edd46fe4863ba0ec0e98747be937a234f1b42,9,9,0,0,134,134
32018R1912,32018R1912,https://publications.europa.eu/resource/celex/32018R1912,49f13f2152a4e27dcb0d7d76dab0bfe01577b561f246e7e52e86acaf479d8e13,2,2,0,0,23,63
32019R0006,02019R0006-20220128,https://publications.europa.eu/resource/celex/02019R0006-20220128,aa55901e3331df412eeb85e81e98502573dcd62bd403e5b43ea58d90e4a1dfca,160,160,57,0,2071,2607
32019R0317,02019R0317-20251102,https://publications.europa.eu/resource/celex/02019R0317-20251102,d982b4e598b451d8848439951b009c46bfa3a981f5ea094c7196bf561ada68c9,41,41,5,0,687,867
32019R0336,32019R0336,https://publications.europa.eu/resource/celex/32019R0336,9b9fb413ebc6659e6f44ec53f2d6367d250a29f7616435afee21b3181f45f5b3,3,3,0,0,29,29
32019R0473,02019R0473-20240109,https://publications.europa.eu/resource/celex/02019R0473-20240109,1c21461dd21ebeba2fd1fbc6b38348c238e41d5fdaf58e699bde96b9224f6a7b,50,50,22,0,236,356
32019R0779,02019R0779-20200616,https://publications.europa.eu/resource/celex/02019R0779-20200616,f50df425f81c001a9fd3934e5cebd058632156c935d8cb6c8186ddcac5720476,17,17,5,0,180,346
32019R0788,02019R0788-20240502,https://publications.europa.eu/resource/celex/02019R0788-20240502,229f79dcccf1126644067369b26a2c484f5a7620d704933830b17f85761fd2da,28,28,4,0,260,341
32019R0907,02019R0907-20230518,https://publications.europa.eu/resource/celex/02019R0907-20230518,eca9bdc55c9a4957382a70cabbe9823eb7aeccb9c32d5fc79a2eeed900a6a0a9,11,11,3,0,114,126
32019R1858,32019R1858,https://publications.europa.eu/resource/celex/32019R1858,d81839c08ac34f516e7ad46bc3875844c0da8c8735347d8216f8c5cd0b989ea5,2,2,0,0,21,21
32019R2072,02019R2072-20260706,https://publications.europa.eu/resource/celex/02019R2072-20260706,727e4449114dbb3a70a1ca2bab3b956dfe2ac00221a68d7434685b7a5f6d1dbf,19,19,1,0,387,396
32020R0532,02020R0532-20200420,https://publications.europa.eu/resource/celex/02020R0532-20200420,205294ea5cabf130146b4aa75a93ada24eaf2f8029fcb722e1f5b6cd2d872490,21,21,4,0,95,122
32020R0692,02020R0692-20230207,https://publications.europa.eu/resource/celex/02020R0692-20230207,0c700db5325d5a4d9847ec00d661dee3499e179a49280d091355f44968013861,187,187,7,0,1792,1889
32020R0708,32020R0708,https://publications.europa.eu/resource/celex/32020R0708,5c28f6d99942d5a6e252a8e120f4ace18b3ae15961b9b1a44456bb4c867e2ac6,2,2,0,0,18,18
32020R1001,02020R1001-20240101,https://publications.europa.eu/resource/celex/02020R1001-20240101,b7aea25acfc65bceafad8c9513caa0d45bc421d9b202f677a1da7cf84aa18728,19,19,2,0,223,282
32020R1056,02020R1056-20250109,https://publications.europa.eu/resource/celex/02020R1056-20250109,aadf81d29d2ca34ac807319de0874a3cd564be965a9f93fce90e6587b44eb8da,18,18,8,0,335,378
32020R1280,32020R1280,https://publications.europa.eu/resource/celex/32020R1280,602188e2a73f98229bf96e6f7be195726d4fa210acda8e022fbaeb78883e139a,5,5,0,0,48,48
32020R2170,02020R2170-20240101,https://publications.europa.eu/resource/celex/02020R2170-20240101,03ad25513f15ec3a9d88504a943f52e8b56bbf730bb091d2b4a52f42297ef346,4,4,1,0,40,46
32021R0241,02021R0241-20240301,https://publications.europa.eu/resource/celex/02021R0241-20240301,1c29a4cef580b11781c8da544c2047fd67084191b570e357d1584fc10e3b4976,41,41,15,0,390,680
32021R0475,32021R0475,https://publications.europa.eu/resource/celex/32021R0475,853e5c2c79cc5f723a76bdd3484dcd8870f4d53e5e6fa566ebb02fa19896b368,2,2,0,0,20,20
32021R0520,02021R0520-20210702,https://publications.europa.eu/resource/celex/02021R0520-20210702,d1f39ec6ae17baf8bddf381b1a98f4574b8cd11ea8c1a69d6ca374187ace2b5c,21,21,6,0,126,154
32021R0535,02021R0535-20250101,https://publications.europa.eu/resource/celex/02021R0535-20250101,fcd99f7f72f54d7d110c8c598e178ec4ecc218fa088430198ca714866239f804,14,14,4,0,2985,3008
32021R0633,02021R0633-20251120,https://publications.europa.eu/resource/celex/02021R0633-20251120,9e77cec26801ae9b546222788819ce0a5174d76a0096f47da300a63e3f313da0,5,5,1,0,18,27
32021R0923,32021R0923,https://publications.europa.eu/resource/celex/32021R0923,9b56230c92c11b7699e1c9d8290df4aa8244eaa2bab8470a11b51cdebafde28f,9,9,0,0,78,110
32021R1135,02021R1135-20210101,https://publications.europa.eu/resource/celex/02021R1135-20210101,39ac45ba68f1c8ce5049ad72df832eb936f0ac781695d53148bcfb27440b2d0a,2,2,1,0,22,30
32021R1175,32021R1175,https://publications.europa.eu/resource/celex/32021R1175,0496ebff67fbdcdde74578700dc846baa19df13f2e84ae9ff7ad3cc7495345d4,2,2,0,0,26,26
32021R1483,02021R1483-20250801,https://publications.europa.eu/resource/celex/02021R1483-20250801,2e3b2b5a504b981737228279961ebdb19f2bb9f3d951806a67640e05d789152f,3,3,1,0,10,18
32021R1751,32021R1751,https://publications.europa.eu/resource/celex/32021R1751,e285915194500851b3cbf20a4c9c0a42db2fffdbe7e1c7194c6776d58acf79b9,3,3,0,0,29,29
32021R2082,02021R2082-20211129,https://publications.europa.eu/resource/celex/02021R2082-20211129,b08099e764e4d669c42f79db67c60c8e8519769144744d13d1655554c621dd1a,6,6,3,0,63,69
32021R2085,02021R2085-20230921,https://publications.europa.eu/resource/celex/02021R2085-20230921,4a62b5010b97fc30aca66612400c0b7aacd61dc789be0280892a2bd4ebadf405,177,177,45,0,1260,1591
32021R2115,02021R2115-20260318,https://publications.europa.eu/resource/celex/02021R2115-20260318,1a633a1ec45f8b9b9028327216a659f09099fa96b7da7057f73d4f9e6b0bd57f,160,160,36,0,1348,1760
32022R0034,32022R0034,https://publications.europa.eu/resource/celex/32022R0034,bda861c80f9c20b606bce5d587d6db2d35c11e789fa516344095e45f70b64742,3,3,0,0,39,39
32022R0806,32022R0806,https://publications.europa.eu/resource/celex/32022R0806,9151d83cd25eb6db846769c249eaf10e2d59250c2fc46a086b788959d761d5ba,2,2,0,0,74,78
32022R0893,32022R0893,https://publications.europa.eu/resource/celex/32022R0893,7fe6830def1e7795c58750a5f363b5462c918b4d7bbd3840873c554082470d08,2,2,0,0,23,23
32022R1173,02022R1173-20260101,https://publications.europa.eu/resource/celex/02022R1173-20260101,fcb52c89bbdd2dc0e96f1fc3458e840e106bcc160cf49520fd538784f67b943e,15,15,3,0,86,129
32022R1195,02022R1195-20240930,https://publications.europa.eu/resource/celex/02022R1195-20240930,c423133f1c0d5593838ce1c5e7a7f0e63b79ad99403cfc30d1f41298a8c50bf3,10,10,3,0,112,130
32022R1248,32022R1248,https://publications.europa.eu/resource/celex/32022R1248,dbe87f1552bc997923a01b4a9281f4a89d61df0ca7405833c09dd6bc9b93bbbd,3,3,0,0,31,31
32022R1421,02022R1421-20240205,https://publications.europa.eu/resource/celex/02022R1421-20240205,65f561134a52349a55b741f9374dc3ff9c757a2eacf322f68982a7b8eead8c50,3,3,1,0,15,18
32022R1490,02022R1490-20240205,https://publications.europa.eu/resource/celex/02022R1490-20240205,d003c5c734a54cb65d7157f5764a2881c483a2af05754b88b810ff999adca849,3,3,1,0,14,17
32022R1616,02022R1616-20251203,https://publications.europa.eu/resource/celex/02022R1616-20251203,5469ee9210c1f875e8d3a8bc9e6f9de129a944c949301ad0d8a1e45d20ff1667,33,33,6,0,389,492
32022R1645,02022R1645-20251016,https://publications.europa.eu/resource/celex/02022R1645-20251016,cd5788761508be4ece44f3da5356e398b9c87b5a13ee03001e61b377331ec9c4,8,8,1,0,103,108
32022R2300,32022R2300,https://publications.europa.eu/resource/celex/32022R2300,eaf5a1ca6a27827593e91b4fb4d985fb098ce7e388683dec89ec8ea8fa26a832,2,2,0,0,24,24
32022R2560,02022R2560-20221223,https://publications.europa.eu/resource/celex/02022R2560-20221223,8b3d916f5364fde76e56e812c7a91052c39ad92465fe86cfa8994ae5c43f569b,54,54,19,0,350,510
32023R0383,32023R0383,https://publications.europa.eu/resource/celex/32023R0383,09bf4ae5d4a98ec79b375c91e365c902d255876d1aa4c4441ae0b95fdbc629ec,3,3,0,0,37,46
32023R0915,02023R0915-20251008,https://publications.europa.eu/resource/celex/02023R0915-20251008,ef6c1dbf090d4e9b703a23fb883e7860728a0be6b99a617cbbdac71981be56ea,11,11,1,0,140,158
32023R1114,02023R1114-20240109,https://publications.europa.eu/resource/celex/02023R1114-20240109,078da6ed766fe117be60ff63536f25101ec21f2dec175394eef7bf82c02ffe19,150,150,25,0,2029,2611
32023R1223,32023R1223,https://publications.europa.eu/resource/celex/32023R1223,c8be6dd703d7bf5b4cb5d93679f9e0bf2e897fda01f4c2746e66c532eac01953,2,2,0,0,22,22
32023R2124,32023R2124,https://publications.europa.eu/resource/celex/32023R2124,2cf67a8998c2155355e326ff4ff0c7b1091558a84e881a808be7c3a3d182331f,142,142,0,0,905,928
32023R2213,32023R2213,https://publications.europa.eu/resource/celex/32023R2213,bcf106d948625d3f788b9c7b3f7dcd62d82d47226ba927d894eea3fdd6a0dabe,4,4,0,0,61,61
32023R2624,32023R2624,https://publications.europa.eu/resource/celex/32023R2624,1535eae2b1e866921da3bcc3fd4cb68e6c578b23580916a2550afb335252e16f,2,2,0,0,20,20
32023R2675,02023R2675-20231207,https://publications.europa.eu/resource/celex/02023R2675-20231207,9b1546e1fce2064c0c3e5f78b8d163c245efb80a5af1b38132cf6e891ae059a5,20,20,3,0,183,249
32023R2832,02023R2832-20231215,https://publications.europa.eu/resource/celex/02023R2832-20231215,555f44d81c3c0bf1430a1316c10f1667a242a624bf4d0547d9eb7c32f62d8090,8,8,4,0,50,78
32024R0217,32024R0217,https://publications.europa.eu/resource/celex/32024R0217,f805407bd175b315ba252c02124744edc351e727f069cef37c5168bf3080e79a,2,2,0,0,20,20
32024R0387,32024R0387,https://publications.europa.eu/resource/celex/32024R0387,ea720aa522fc880cf82c2931a1b6200b5ae01f5478651f50283ab16786ce5e26,2,2,0,0,33,33
32024R0399,02024R0399-20240730,https://publications.europa.eu/resource/celex/02024R0399-20240730,f5ed11e4e70551683becab581cfe6e601165e8a328d02f4104c76d8fe0e81aed,4,4,1,0,55,57
32024R0482,02024R0482-20251229,https://publications.europa.eu/resource/celex/02024R0482-20251229,1f677b6481454e4bee93b6f652175e7b8c5bb988fad84386c62e5bf68e29a0ae,49,49,16,0,521,644
32024R0994,02024R0994-20240402,https://publications.europa.eu/resource/celex/02024R0994-20240402,347ba2ca4ff2e0e08b0cedc076ed53601525919e3f11bae2cddcf6ef1b46f0a4,20,20,7,0,113,158
32024R1172,32024R1172,https://publications.europa.eu/resource/celex/32024R1172,4bae68f70ef2a1c29e13beb023e30ae131a884dc8a42c0040af64d680599c49b,2,2,0,0,19,19
32024R1257,32024R1257,https://publications.europa.eu/resource/celex/32024R1257,a7ee04aa134dda4cbfeb5912b283146e5f8c3f6aac052db3d59324f140e732d4,21,21,0,0,394,422
32024R1359,02024R1359-20240522,https://publications.europa.eu/resource/celex/02024R1359-20240522,8c9414376141c48922b6e15a2278e3fdd9f35a339f2686daf4c7a1dd97d9a73e,20,20,5,0,127,189
32024R1774,02024R1774-20240625,https://publications.europa.eu/resource/celex/02024R1774-20240625,f012499213f75ce7ded7d020357417adfc7db8af8e1f2a354cc8a89c78cb5f41,42,42,6,0,483,546
32024R1994,32024R1994,https://publications.europa.eu/resource/celex/32024R1994,6d7b334a660344187e355b4345a18175bfb25133166ff32ba082d80714b059a1,2,2,0,0,53,53
32024R2414,02024R2414-20240916,https://publications.europa.eu/resource/celex/02024R2414-20240916,0e0d70152e7f4521b47f78f38dec7f6acda154c7e862f0a6dec461601eab1e0c,3,3,1,0,12,15
32024R2464,02024R2464-20240913,https://publications.europa.eu/resource/celex/02024R2464-20240913,5f20422b910dd5c3788f620feca852ba0b697a4d86455a9933fd5f932c393396,3,3,1,0,11,14
32024R2509,32024R2509,https://publications.europa.eu/resource/celex/32024R2509,52b4e9bcc4e9a9fd9226b4916c5021571d5f49fbadcd5502788d8cbc9699fc5a,280,280,0,0,3319,3496
32024R2792,32024R2792,https://publications.europa.eu/resource/celex/32024R2792,109a475881489ef29cc07519a0d107832d22d202b2d3b7cdb690eff100567e87,2,2,0,0,23,23
32024R2916,32024R2916,https://publications.europa.eu/resource/celex/32024R2916,f11ea5444b236210d6ffad3a73d0ac7533673d0ab814bea811a69c08122af315,2,2,0,0,18,18
32024R3156,32024R3156,https://publications.europa.eu/resource/celex/32024R3156,f5d672d04557dfd358c7b2ee18b6a76397ed17660473da511396966e6008d1d7,2,2,0,0,22,22
32025R0297,32025R0297,https://publications.europa.eu/resource/celex/32025R0297,2c51953916f8d2a01fb9f81a16c365e8a48b49078fbb9b6b5c8c132e7191521a,11,11,0,0,98,98
32025R0486,02025R0486-20251225,https://publications.europa.eu/resource/celex/02025R0486-20251225,48210020ca38375942e4dcbe859271cebffac8b0e59931af570fbe2b0601da3f,29,29,14,0,127,220
32025R0698,32025R0698,https://publications.europa.eu/resource/celex/32025R0698,3b96cbdb8c7a2a427bda76f47fffa40f6afef94b825d08e233d51fdd4770d3ff,5,5,0,0,107,125
32025R1338,32025R1338,https://publications.europa.eu/resource/celex/32025R1338,49855bcfde42cf912b5686391bd39fd260a75e31bca72ecebc8ad0bcd6563650,7,7,0,0,65,65
32025R1940,32025R1940,https://publications.europa.eu/resource/celex/32025R1940,9367fe7f1440973d4662a1184470d876e1961013f9a80c349273b79e072c4a61,2,2,0,0,17,17
32025R2435,32025R2435,https://publications.europa.eu/resource/celex/32025R2435,a36fdc2ae83a78083dee7c5c664b601728bc030ed69dfeefbbf622dae3694a5d,2,2,0,0,21,21
32026R0283,32026R0283,https://publications.europa.eu/resource/celex/32026R0283,d4018624a1332857f23553c50d630cc433481b4206cd20ace2b6df002ab2d49b,2,2,0,0,30,34
32026R1100,32026R1100,https://publications.europa.eu/resource/celex/32026R1100,120b9c03690efeb00986c0388fdaff050e5dc445a48f7e6e3b7c5fd21f570435,5,5,0,0,67,67
